{"cameraMode":{"drawMode":0,"name":"Shaded","section":"Shading Mode"},"sceneLighting":true,"audioPlay":false,"sceneViewState":{"m_AlwaysRefresh":false,"showFog":true,"showSkybox":true,"showFlares":true,"showImageEffects":true,"showParticleSystems":true,"showVisualEffectGraphs":true,"m_FxEnabled":true},"in2DMode":false,"pivot":{"x":183.99057006835938,"y":4.800000190734863,"z":181.20196533203126},"rotation":{"x":-0.07119482755661011,"y":0.06370866298675537,"z":-0.004542984068393707,"w":-0.99544757604599},"size":28.531103134155275,"orthographic":true}