{"cameraMode":{"drawMode":0,"name":"Shaded","section":"Shading Mode"},"sceneLighting":false,"audioPlay":false,"sceneViewState":{"m_AlwaysRefresh":false,"showFog":true,"showSkybox":false,"showFlares":true,"showImageEffects":true,"showParticleSystems":true,"showVisualEffectGraphs":true,"m_FxEnabled":true},"in2DMode":false,"pivot":{"x":0.07874424010515213,"y":2.557803153991699,"z":-0.027464689686894418},"rotation":{"x":0.057963233441114429,"y":-0.8705698847770691,"z":0.10576377063989639,"w":0.47705963253974917},"size":2.147291898727417,"orthographic":true}