{"cameraMode":{"drawMode":0,"name":"Shaded","section":"Shading Mode"},"sceneLighting":false,"audioPlay":false,"sceneViewState":{"m_AlwaysRefresh":false,"showFog":true,"showSkybox":false,"showFlares":true,"showImageEffects":true,"showParticleSystems":true,"showVisualEffectGraphs":true,"m_FxEnabled":true},"in2DMode":false,"pivot":{"x":0.25235891342163088,"y":2.408583641052246,"z":-0.1308094561100006},"rotation":{"x":0.057963233441114429,"y":-0.8705698847770691,"z":0.10576377063989639,"w":0.47705963253974917},"size":2.511488914489746,"orthographic":true}