{"cameraMode":{"drawMode":0,"name":"Shaded","section":"Shading Mode"},"sceneLighting":false,"audioPlay":false,"sceneViewState":{"m_AlwaysRefresh":false,"showFog":true,"showSkybox":false,"showFlares":true,"showImageEffects":true,"showParticleSystems":true,"showVisualEffectGraphs":true,"m_FxEnabled":true},"in2DMode":false,"pivot":{"x":0.09620232880115509,"y":3.076225757598877,"z":0.13494056463241578},"rotation":{"x":-0.3261588513851166,"y":0.6646465063095093,"z":-0.4027749001979828,"w":-0.5382401347160339},"size":3.6992433071136476,"orthographic":false}